samples; 10000000; 
proteina-2j47v0;45_x;area stimata rispetto al cubo; 0.147394; configurazione;012;tempo;0.838653;
proteina-2j47v1;45_x;area stimata rispetto al cubo; 0.147394; configurazione;012;tempo;1.21181;
proteina-2j47v2;45_x;area stimata rispetto al cubo; 0.147394; configurazione;012;tempo;1.03334;
proteina-2j47v3;45_x;area stimata rispetto al cubo; 0.147394; configurazione;012;tempo;0.990359;
proteina-2j47v4;45_x;area stimata rispetto al cubo; 0.147394; configurazione;012;tempo;1.1315;
proteina-2j47v5;45_x;area stimata rispetto al cubo; 0.147394; configurazione;012;tempo;1.24215;
proteina-2j47v6;45_x;area stimata rispetto al cubo; 0.147394; configurazione;012;tempo;1.06607;
proteina-2j47v7;45_x;area stimata rispetto al cubo; 0.147394; configurazione;012;tempo;1.15084;
proteina-2j47v8;45_x;area stimata rispetto al cubo; 0.147394; configurazione;012;tempo;1.12305;
proteina-2j47v9;45_x;area stimata rispetto al cubo; 0.147394; configurazione;012;tempo;1.29758;
proteina-2j47v0;45_x;area stimata rispetto al cubo; 0.147379; configurazione;021;tempo;1.09906;
proteina-2j47v1;45_x;area stimata rispetto al cubo; 0.147379; configurazione;021;tempo;1.07225;
proteina-2j47v2;45_x;area stimata rispetto al cubo; 0.147379; configurazione;021;tempo;0.996839;
proteina-2j47v3;45_x;area stimata rispetto al cubo; 0.147379; configurazione;021;tempo;1.15245;
proteina-2j47v4;45_x;area stimata rispetto al cubo; 0.147379; configurazione;021;tempo;1.39002;
proteina-2j47v5;45_x;area stimata rispetto al cubo; 0.147379; configurazione;021;tempo;1.29944;
proteina-2j47v6;45_x;area stimata rispetto al cubo; 0.147379; configurazione;021;tempo;1.30999;
proteina-2j47v7;45_x;area stimata rispetto al cubo; 0.147379; configurazione;021;tempo;0.950707;
proteina-2j47v8;45_x;area stimata rispetto al cubo; 0.147379; configurazione;021;tempo;0.940107;
proteina-2j47v9;45_x;area stimata rispetto al cubo; 0.147379; configurazione;021;tempo;0.854157;
proteina-2j47v0;45_x;area stimata rispetto al cubo; 0.145309; configurazione;102;tempo;0.876756;
proteina-2j47v1;45_x;area stimata rispetto al cubo; 0.145309; configurazione;102;tempo;1.3262;
proteina-2j47v2;45_x;area stimata rispetto al cubo; 0.145309; configurazione;102;tempo;0.87787;
proteina-2j47v3;45_x;area stimata rispetto al cubo; 0.145309; configurazione;102;tempo;0.830368;
proteina-2j47v4;45_x;area stimata rispetto al cubo; 0.145309; configurazione;102;tempo;0.815485;
proteina-2j47v5;45_x;area stimata rispetto al cubo; 0.145309; configurazione;102;tempo;0.839297;
proteina-2j47v6;45_x;area stimata rispetto al cubo; 0.145309; configurazione;102;tempo;0.823516;
proteina-2j47v7;45_x;area stimata rispetto al cubo; 0.145309; configurazione;102;tempo;0.816507;
proteina-2j47v8;45_x;area stimata rispetto al cubo; 0.145309; configurazione;102;tempo;1.70929;
proteina-2j47v9;45_x;area stimata rispetto al cubo; 0.145309; configurazione;102;tempo;0.791279;
proteina-2j47v0;45_x;area stimata rispetto al cubo; 0.141879; configurazione;120;tempo;0.786987;
proteina-2j47v1;45_x;area stimata rispetto al cubo; 0.141879; configurazione;120;tempo;0.799268;
proteina-2j47v2;45_x;area stimata rispetto al cubo; 0.141879; configurazione;120;tempo;0.78801;
proteina-2j47v3;45_x;area stimata rispetto al cubo; 0.141879; configurazione;120;tempo;0.913442;
proteina-2j47v4;45_x;area stimata rispetto al cubo; 0.141879; configurazione;120;tempo;2.30214;
proteina-2j47v5;45_x;area stimata rispetto al cubo; 0.141879; configurazione;120;tempo;0.900219;
proteina-2j47v6;45_x;area stimata rispetto al cubo; 0.141879; configurazione;120;tempo;0.837831;
proteina-2j47v7;45_x;area stimata rispetto al cubo; 0.141879; configurazione;120;tempo;0.825786;
proteina-2j47v8;45_x;area stimata rispetto al cubo; 0.141879; configurazione;120;tempo;0.859456;
proteina-2j47v9;45_x;area stimata rispetto al cubo; 0.141879; configurazione;120;tempo;0.997952;
proteina-2j47v0;45_x;area stimata rispetto al cubo; 0.141907; configurazione;210;tempo;1.24558;
proteina-2j47v1;45_x;area stimata rispetto al cubo; 0.141907; configurazione;210;tempo;1.55753;
proteina-2j47v2;45_x;area stimata rispetto al cubo; 0.141907; configurazione;210;tempo;1.02273;
proteina-2j47v3;45_x;area stimata rispetto al cubo; 0.141907; configurazione;210;tempo;1.31325;
proteina-2j47v4;45_x;area stimata rispetto al cubo; 0.141907; configurazione;210;tempo;1.40617;
proteina-2j47v5;45_x;area stimata rispetto al cubo; 0.141907; configurazione;210;tempo;0.859922;
proteina-2j47v6;45_x;area stimata rispetto al cubo; 0.141907; configurazione;210;tempo;1.22512;
proteina-2j47v7;45_x;area stimata rispetto al cubo; 0.141907; configurazione;210;tempo;0.896434;
proteina-2j47v8;45_x;area stimata rispetto al cubo; 0.141907; configurazione;210;tempo;0.876162;
proteina-2j47v9;45_x;area stimata rispetto al cubo; 0.141907; configurazione;210;tempo;0.900929;
proteina-2j47v0;45_x;area stimata rispetto al cubo; 0.145296; configurazione;201;tempo;0.887556;
proteina-2j47v1;45_x;area stimata rispetto al cubo; 0.145296; configurazione;201;tempo;0.897163;
proteina-2j47v2;45_x;area stimata rispetto al cubo; 0.145296; configurazione;201;tempo;0.873741;
proteina-2j47v3;45_x;area stimata rispetto al cubo; 0.145296; configurazione;201;tempo;0.903145;
proteina-2j47v4;45_x;area stimata rispetto al cubo; 0.145296; configurazione;201;tempo;1.05718;
proteina-2j47v5;45_x;area stimata rispetto al cubo; 0.145296; configurazione;201;tempo;1.17766;
proteina-2j47v6;45_x;area stimata rispetto al cubo; 0.145296; configurazione;201;tempo;0.885144;
proteina-2j47v7;45_x;area stimata rispetto al cubo; 0.145296; configurazione;201;tempo;0.870116;
proteina-2j47v8;45_x;area stimata rispetto al cubo; 0.145296; configurazione;201;tempo;0.90425;
proteina-2j47v9;45_x;area stimata rispetto al cubo; 0.145296; configurazione;201;tempo;0.874519;
proteina-2j47v0;45_xy;area stimata rispetto al cubo; 0.14385; configurazione;012;tempo;0.883852;
proteina-2j47v1;45_xy;area stimata rispetto al cubo; 0.14385; configurazione;012;tempo;0.874777;
proteina-2j47v2;45_xy;area stimata rispetto al cubo; 0.14385; configurazione;012;tempo;0.890144;
proteina-2j47v3;45_xy;area stimata rispetto al cubo; 0.14385; configurazione;012;tempo;0.877706;
proteina-2j47v4;45_xy;area stimata rispetto al cubo; 0.14385; configurazione;012;tempo;0.874223;
proteina-2j47v5;45_xy;area stimata rispetto al cubo; 0.14385; configurazione;012;tempo;0.931311;
proteina-2j47v6;45_xy;area stimata rispetto al cubo; 0.14385; configurazione;012;tempo;0.867175;
proteina-2j47v7;45_xy;area stimata rispetto al cubo; 0.14385; configurazione;012;tempo;0.869427;
proteina-2j47v8;45_xy;area stimata rispetto al cubo; 0.14385; configurazione;012;tempo;0.921942;
proteina-2j47v9;45_xy;area stimata rispetto al cubo; 0.14385; configurazione;012;tempo;0.869895;
proteina-2j47v0;45_xy;area stimata rispetto al cubo; 0.143859; configurazione;021;tempo;0.863205;
proteina-2j47v1;45_xy;area stimata rispetto al cubo; 0.143859; configurazione;021;tempo;0.88323;
proteina-2j47v2;45_xy;area stimata rispetto al cubo; 0.143859; configurazione;021;tempo;0.869949;
proteina-2j47v3;45_xy;area stimata rispetto al cubo; 0.143859; configurazione;021;tempo;0.870772;
proteina-2j47v4;45_xy;area stimata rispetto al cubo; 0.143859; configurazione;021;tempo;0.893649;
proteina-2j47v5;45_xy;area stimata rispetto al cubo; 0.143859; configurazione;021;tempo;0.895615;
proteina-2j47v6;45_xy;area stimata rispetto al cubo; 0.143859; configurazione;021;tempo;0.866447;
proteina-2j47v7;45_xy;area stimata rispetto al cubo; 0.143859; configurazione;021;tempo;0.904089;
proteina-2j47v8;45_xy;area stimata rispetto al cubo; 0.143859; configurazione;021;tempo;0.875198;
proteina-2j47v9;45_xy;area stimata rispetto al cubo; 0.143859; configurazione;021;tempo;0.883275;
proteina-2j47v0;45_xy;area stimata rispetto al cubo; 0.143047; configurazione;102;tempo;0.878647;
proteina-2j47v1;45_xy;area stimata rispetto al cubo; 0.143047; configurazione;102;tempo;0.882259;
proteina-2j47v2;45_xy;area stimata rispetto al cubo; 0.143047; configurazione;102;tempo;0.979906;
proteina-2j47v3;45_xy;area stimata rispetto al cubo; 0.143047; configurazione;102;tempo;1.93006;
proteina-2j47v4;45_xy;area stimata rispetto al cubo; 0.143047; configurazione;102;tempo;1.45894;
proteina-2j47v5;45_xy;area stimata rispetto al cubo; 0.143047; configurazione;102;tempo;1.55063;
proteina-2j47v6;45_xy;area stimata rispetto al cubo; 0.143047; configurazione;102;tempo;0.951566;
proteina-2j47v7;45_xy;area stimata rispetto al cubo; 0.143047; configurazione;102;tempo;0.848143;
proteina-2j47v8;45_xy;area stimata rispetto al cubo; 0.143047; configurazione;102;tempo;1.28789;
proteina-2j47v9;45_xy;area stimata rispetto al cubo; 0.143047; configurazione;102;tempo;2.40484;
proteina-2j47v0;45_xy;area stimata rispetto al cubo; 0.144758; configurazione;120;tempo;1.00947;
proteina-2j47v1;45_xy;area stimata rispetto al cubo; 0.144758; configurazione;120;tempo;0.858137;
proteina-2j47v2;45_xy;area stimata rispetto al cubo; 0.144758; configurazione;120;tempo;0.836978;
proteina-2j47v3;45_xy;area stimata rispetto al cubo; 0.144758; configurazione;120;tempo;0.831387;
proteina-2j47v4;45_xy;area stimata rispetto al cubo; 0.144758; configurazione;120;tempo;0.822834;
proteina-2j47v5;45_xy;area stimata rispetto al cubo; 0.144758; configurazione;120;tempo;0.846914;
proteina-2j47v6;45_xy;area stimata rispetto al cubo; 0.144758; configurazione;120;tempo;0.835872;
proteina-2j47v7;45_xy;area stimata rispetto al cubo; 0.144758; configurazione;120;tempo;0.81397;
proteina-2j47v8;45_xy;area stimata rispetto al cubo; 0.144758; configurazione;120;tempo;0.821682;
proteina-2j47v9;45_xy;area stimata rispetto al cubo; 0.144758; configurazione;120;tempo;0.843021;
proteina-2j47v0;45_xy;area stimata rispetto al cubo; 0.144751; configurazione;210;tempo;0.825628;
proteina-2j47v1;45_xy;area stimata rispetto al cubo; 0.144751; configurazione;210;tempo;0.819917;
proteina-2j47v2;45_xy;area stimata rispetto al cubo; 0.144751; configurazione;210;tempo;0.845381;
proteina-2j47v3;45_xy;area stimata rispetto al cubo; 0.144751; configurazione;210;tempo;0.835911;
proteina-2j47v4;45_xy;area stimata rispetto al cubo; 0.144751; configurazione;210;tempo;0.810522;
proteina-2j47v5;45_xy;area stimata rispetto al cubo; 0.144751; configurazione;210;tempo;0.838856;
proteina-2j47v6;45_xy;area stimata rispetto al cubo; 0.144751; configurazione;210;tempo;0.826576;
proteina-2j47v7;45_xy;area stimata rispetto al cubo; 0.144751; configurazione;210;tempo;0.820162;
proteina-2j47v8;45_xy;area stimata rispetto al cubo; 0.144751; configurazione;210;tempo;0.82377;
proteina-2j47v9;45_xy;area stimata rispetto al cubo; 0.144751; configurazione;210;tempo;0.849579;
proteina-2j47v0;45_xy;area stimata rispetto al cubo; 0.143046; configurazione;201;tempo;0.822875;
proteina-2j47v1;45_xy;area stimata rispetto al cubo; 0.143046; configurazione;201;tempo;0.816245;
proteina-2j47v2;45_xy;area stimata rispetto al cubo; 0.143046; configurazione;201;tempo;0.84162;
proteina-2j47v3;45_xy;area stimata rispetto al cubo; 0.143046; configurazione;201;tempo;0.834215;
proteina-2j47v4;45_xy;area stimata rispetto al cubo; 0.143046; configurazione;201;tempo;0.813078;
proteina-2j47v5;45_xy;area stimata rispetto al cubo; 0.143046; configurazione;201;tempo;0.839567;
proteina-2j47v6;45_xy;area stimata rispetto al cubo; 0.143046; configurazione;201;tempo;0.831068;
proteina-2j47v7;45_xy;area stimata rispetto al cubo; 0.143046; configurazione;201;tempo;0.828205;
proteina-2j47v8;45_xy;area stimata rispetto al cubo; 0.143046; configurazione;201;tempo;0.824448;
proteina-2j47v9;45_xy;area stimata rispetto al cubo; 0.143046; configurazione;201;tempo;1.08367;
proteina-2j47v0;45_xz;area stimata rispetto al cubo; 0.168008; configurazione;012;tempo;0.857076;
proteina-2j47v1;45_xz;area stimata rispetto al cubo; 0.168008; configurazione;012;tempo;1.18802;
proteina-2j47v2;45_xz;area stimata rispetto al cubo; 0.168008; configurazione;012;tempo;0.842747;
proteina-2j47v3;45_xz;area stimata rispetto al cubo; 0.168008; configurazione;012;tempo;0.857032;
proteina-2j47v4;45_xz;area stimata rispetto al cubo; 0.168008; configurazione;012;tempo;0.967069;
proteina-2j47v5;45_xz;area stimata rispetto al cubo; 0.168008; configurazione;012;tempo;0.944702;
proteina-2j47v6;45_xz;area stimata rispetto al cubo; 0.168008; configurazione;012;tempo;1.07804;
proteina-2j47v7;45_xz;area stimata rispetto al cubo; 0.168008; configurazione;012;tempo;1.437;
proteina-2j47v8;45_xz;area stimata rispetto al cubo; 0.168008; configurazione;012;tempo;0.859292;
proteina-2j47v9;45_xz;area stimata rispetto al cubo; 0.168008; configurazione;012;tempo;0.854759;
proteina-2j47v0;45_xz;area stimata rispetto al cubo; 0.168019; configurazione;021;tempo;0.856641;
proteina-2j47v1;45_xz;area stimata rispetto al cubo; 0.168019; configurazione;021;tempo;1.25966;
proteina-2j47v2;45_xz;area stimata rispetto al cubo; 0.168019; configurazione;021;tempo;1.94468;
proteina-2j47v3;45_xz;area stimata rispetto al cubo; 0.168019; configurazione;021;tempo;0.912514;
proteina-2j47v4;45_xz;area stimata rispetto al cubo; 0.168019; configurazione;021;tempo;0.957712;
proteina-2j47v5;45_xz;area stimata rispetto al cubo; 0.168019; configurazione;021;tempo;1.08404;
proteina-2j47v6;45_xz;area stimata rispetto al cubo; 0.168019; configurazione;021;tempo;0.937584;
proteina-2j47v7;45_xz;area stimata rispetto al cubo; 0.168019; configurazione;021;tempo;0.83541;
proteina-2j47v8;45_xz;area stimata rispetto al cubo; 0.168019; configurazione;021;tempo;0.869494;
proteina-2j47v9;45_xz;area stimata rispetto al cubo; 0.168019; configurazione;021;tempo;0.82881;
proteina-2j47v0;45_xz;area stimata rispetto al cubo; 0.169128; configurazione;102;tempo;0.83857;
proteina-2j47v1;45_xz;area stimata rispetto al cubo; 0.169128; configurazione;102;tempo;0.857972;
proteina-2j47v2;45_xz;area stimata rispetto al cubo; 0.169128; configurazione;102;tempo;0.838367;
proteina-2j47v3;45_xz;area stimata rispetto al cubo; 0.169128; configurazione;102;tempo;0.874497;
proteina-2j47v4;45_xz;area stimata rispetto al cubo; 0.169128; configurazione;102;tempo;0.837741;
proteina-2j47v5;45_xz;area stimata rispetto al cubo; 0.169128; configurazione;102;tempo;0.832142;
proteina-2j47v6;45_xz;area stimata rispetto al cubo; 0.169128; configurazione;102;tempo;0.830518;
proteina-2j47v7;45_xz;area stimata rispetto al cubo; 0.169128; configurazione;102;tempo;0.836268;
proteina-2j47v8;45_xz;area stimata rispetto al cubo; 0.169128; configurazione;102;tempo;0.851663;
proteina-2j47v9;45_xz;area stimata rispetto al cubo; 0.169128; configurazione;102;tempo;0.823921;
proteina-2j47v0;45_xz;area stimata rispetto al cubo; 0.171067; configurazione;120;tempo;0.828878;
proteina-2j47v1;45_xz;area stimata rispetto al cubo; 0.171067; configurazione;120;tempo;0.867569;
proteina-2j47v2;45_xz;area stimata rispetto al cubo; 0.171067; configurazione;120;tempo;0.841781;
proteina-2j47v3;45_xz;area stimata rispetto al cubo; 0.171067; configurazione;120;tempo;0.825246;
proteina-2j47v4;45_xz;area stimata rispetto al cubo; 0.171067; configurazione;120;tempo;0.851533;
proteina-2j47v5;45_xz;area stimata rispetto al cubo; 0.171067; configurazione;120;tempo;0.826468;
proteina-2j47v6;45_xz;area stimata rispetto al cubo; 0.171067; configurazione;120;tempo;0.827665;
proteina-2j47v7;45_xz;area stimata rispetto al cubo; 0.171067; configurazione;120;tempo;0.846525;
proteina-2j47v8;45_xz;area stimata rispetto al cubo; 0.171067; configurazione;120;tempo;0.849264;
proteina-2j47v9;45_xz;area stimata rispetto al cubo; 0.171067; configurazione;120;tempo;0.857411;
proteina-2j47v0;45_xz;area stimata rispetto al cubo; 0.171059; configurazione;210;tempo;0.837434;
proteina-2j47v1;45_xz;area stimata rispetto al cubo; 0.171059; configurazione;210;tempo;0.834914;
proteina-2j47v2;45_xz;area stimata rispetto al cubo; 0.171059; configurazione;210;tempo;1.082;
proteina-2j47v3;45_xz;area stimata rispetto al cubo; 0.171059; configurazione;210;tempo;0.853446;
proteina-2j47v4;45_xz;area stimata rispetto al cubo; 0.171059; configurazione;210;tempo;0.845442;
proteina-2j47v5;45_xz;area stimata rispetto al cubo; 0.171059; configurazione;210;tempo;0.831299;
proteina-2j47v6;45_xz;area stimata rispetto al cubo; 0.171059; configurazione;210;tempo;0.824156;
proteina-2j47v7;45_xz;area stimata rispetto al cubo; 0.171059; configurazione;210;tempo;0.85188;
proteina-2j47v8;45_xz;area stimata rispetto al cubo; 0.171059; configurazione;210;tempo;0.837528;
proteina-2j47v9;45_xz;area stimata rispetto al cubo; 0.171059; configurazione;210;tempo;1.33354;
proteina-2j47v0;45_xz;area stimata rispetto al cubo; 0.169094; configurazione;201;tempo;0.867985;
proteina-2j47v1;45_xz;area stimata rispetto al cubo; 0.169094; configurazione;201;tempo;0.842431;
proteina-2j47v2;45_xz;area stimata rispetto al cubo; 0.169094; configurazione;201;tempo;0.831098;
proteina-2j47v3;45_xz;area stimata rispetto al cubo; 0.169094; configurazione;201;tempo;0.862456;
proteina-2j47v4;45_xz;area stimata rispetto al cubo; 0.169094; configurazione;201;tempo;0.828644;
proteina-2j47v5;45_xz;area stimata rispetto al cubo; 0.169094; configurazione;201;tempo;0.835862;
proteina-2j47v6;45_xz;area stimata rispetto al cubo; 0.169094; configurazione;201;tempo;0.864932;
proteina-2j47v7;45_xz;area stimata rispetto al cubo; 0.169094; configurazione;201;tempo;0.840273;
proteina-2j47v8;45_xz;area stimata rispetto al cubo; 0.169094; configurazione;201;tempo;0.836243;
proteina-2j47v9;45_xz;area stimata rispetto al cubo; 0.169094; configurazione;201;tempo;0.84756;
proteina-2j47v0;45_y;area stimata rispetto al cubo; 0.143456; configurazione;012;tempo;0.841449;
proteina-2j47v1;45_y;area stimata rispetto al cubo; 0.143456; configurazione;012;tempo;0.833832;
proteina-2j47v2;45_y;area stimata rispetto al cubo; 0.143456; configurazione;012;tempo;0.818152;
proteina-2j47v3;45_y;area stimata rispetto al cubo; 0.143456; configurazione;012;tempo;0.857194;
proteina-2j47v4;45_y;area stimata rispetto al cubo; 0.143456; configurazione;012;tempo;0.827822;
proteina-2j47v5;45_y;area stimata rispetto al cubo; 0.143456; configurazione;012;tempo;0.831812;
proteina-2j47v6;45_y;area stimata rispetto al cubo; 0.143456; configurazione;012;tempo;0.856169;
proteina-2j47v7;45_y;area stimata rispetto al cubo; 0.143456; configurazione;012;tempo;0.831543;
proteina-2j47v8;45_y;area stimata rispetto al cubo; 0.143456; configurazione;012;tempo;0.830662;
proteina-2j47v9;45_y;area stimata rispetto al cubo; 0.143456; configurazione;012;tempo;0.843997;
proteina-2j47v0;45_y;area stimata rispetto al cubo; 0.143455; configurazione;021;tempo;0.833927;
proteina-2j47v1;45_y;area stimata rispetto al cubo; 0.143455; configurazione;021;tempo;0.833118;
proteina-2j47v2;45_y;area stimata rispetto al cubo; 0.143455; configurazione;021;tempo;0.851553;
proteina-2j47v3;45_y;area stimata rispetto al cubo; 0.143455; configurazione;021;tempo;0.844261;
proteina-2j47v4;45_y;area stimata rispetto al cubo; 0.143455; configurazione;021;tempo;0.841935;
proteina-2j47v5;45_y;area stimata rispetto al cubo; 0.143455; configurazione;021;tempo;0.835046;
proteina-2j47v6;45_y;area stimata rispetto al cubo; 0.143455; configurazione;021;tempo;0.858964;
proteina-2j47v7;45_y;area stimata rispetto al cubo; 0.143455; configurazione;021;tempo;0.829689;
proteina-2j47v8;45_y;area stimata rispetto al cubo; 0.143455; configurazione;021;tempo;0.865629;
proteina-2j47v9;45_y;area stimata rispetto al cubo; 0.143455; configurazione;021;tempo;0.844048;
proteina-2j47v0;45_y;area stimata rispetto al cubo; 0.143961; configurazione;102;tempo;0.88085;
proteina-2j47v1;45_y;area stimata rispetto al cubo; 0.143961; configurazione;102;tempo;0.976378;
proteina-2j47v2;45_y;area stimata rispetto al cubo; 0.143961; configurazione;102;tempo;0.851331;
proteina-2j47v3;45_y;area stimata rispetto al cubo; 0.143961; configurazione;102;tempo;0.850023;
proteina-2j47v4;45_y;area stimata rispetto al cubo; 0.143961; configurazione;102;tempo;0.829621;
proteina-2j47v5;45_y;area stimata rispetto al cubo; 0.143961; configurazione;102;tempo;0.846732;
proteina-2j47v6;45_y;area stimata rispetto al cubo; 0.143961; configurazione;102;tempo;0.836539;
proteina-2j47v7;45_y;area stimata rispetto al cubo; 0.143961; configurazione;102;tempo;0.829949;
proteina-2j47v8;45_y;area stimata rispetto al cubo; 0.143961; configurazione;102;tempo;0.828578;
proteina-2j47v9;45_y;area stimata rispetto al cubo; 0.143961; configurazione;102;tempo;0.860464;
proteina-2j47v0;45_y;area stimata rispetto al cubo; 0.14322; configurazione;120;tempo;0.82454;
proteina-2j47v1;45_y;area stimata rispetto al cubo; 0.14322; configurazione;120;tempo;0.827586;
proteina-2j47v2;45_y;area stimata rispetto al cubo; 0.14322; configurazione;120;tempo;0.84248;
proteina-2j47v3;45_y;area stimata rispetto al cubo; 0.14322; configurazione;120;tempo;0.829512;
proteina-2j47v4;45_y;area stimata rispetto al cubo; 0.14322; configurazione;120;tempo;0.832766;
proteina-2j47v5;45_y;area stimata rispetto al cubo; 0.14322; configurazione;120;tempo;0.84445;
proteina-2j47v6;45_y;area stimata rispetto al cubo; 0.14322; configurazione;120;tempo;0.835597;
proteina-2j47v7;45_y;area stimata rispetto al cubo; 0.14322; configurazione;120;tempo;0.82028;
proteina-2j47v8;45_y;area stimata rispetto al cubo; 0.14322; configurazione;120;tempo;0.846638;
proteina-2j47v9;45_y;area stimata rispetto al cubo; 0.14322; configurazione;120;tempo;0.847387;
proteina-2j47v0;45_y;area stimata rispetto al cubo; 0.143213; configurazione;210;tempo;0.822484;
proteina-2j47v1;45_y;area stimata rispetto al cubo; 0.143213; configurazione;210;tempo;0.83529;
proteina-2j47v2;45_y;area stimata rispetto al cubo; 0.143213; configurazione;210;tempo;0.856226;
proteina-2j47v3;45_y;area stimata rispetto al cubo; 0.143213; configurazione;210;tempo;0.828078;
proteina-2j47v4;45_y;area stimata rispetto al cubo; 0.143213; configurazione;210;tempo;0.843373;
proteina-2j47v5;45_y;area stimata rispetto al cubo; 0.143213; configurazione;210;tempo;0.846023;
proteina-2j47v6;45_y;area stimata rispetto al cubo; 0.143213; configurazione;210;tempo;0.827214;
proteina-2j47v7;45_y;area stimata rispetto al cubo; 0.143213; configurazione;210;tempo;0.832254;
proteina-2j47v8;45_y;area stimata rispetto al cubo; 0.143213; configurazione;210;tempo;0.85117;
proteina-2j47v9;45_y;area stimata rispetto al cubo; 0.143213; configurazione;210;tempo;0.834031;
proteina-2j47v0;45_y;area stimata rispetto al cubo; 0.143938; configurazione;201;tempo;0.821385;
proteina-2j47v1;45_y;area stimata rispetto al cubo; 0.143938; configurazione;201;tempo;0.827081;
proteina-2j47v2;45_y;area stimata rispetto al cubo; 0.143938; configurazione;201;tempo;0.865154;
proteina-2j47v3;45_y;area stimata rispetto al cubo; 0.143938; configurazione;201;tempo;0.828742;
proteina-2j47v4;45_y;area stimata rispetto al cubo; 0.143938; configurazione;201;tempo;0.820903;
proteina-2j47v5;45_y;area stimata rispetto al cubo; 0.143938; configurazione;201;tempo;0.873012;
proteina-2j47v6;45_y;area stimata rispetto al cubo; 0.143938; configurazione;201;tempo;0.839043;
proteina-2j47v7;45_y;area stimata rispetto al cubo; 0.143938; configurazione;201;tempo;0.896196;
proteina-2j47v8;45_y;area stimata rispetto al cubo; 0.143938; configurazione;201;tempo;0.853795;
proteina-2j47v9;45_y;area stimata rispetto al cubo; 0.143938; configurazione;201;tempo;0.880982;
proteina-2j47v0;45_yz;area stimata rispetto al cubo; 0.168878; configurazione;012;tempo;1.0412;
proteina-2j47v1;45_yz;area stimata rispetto al cubo; 0.168878; configurazione;012;tempo;0.858956;
proteina-2j47v2;45_yz;area stimata rispetto al cubo; 0.168878; configurazione;012;tempo;0.846133;
proteina-2j47v3;45_yz;area stimata rispetto al cubo; 0.168878; configurazione;012;tempo;0.838233;
proteina-2j47v4;45_yz;area stimata rispetto al cubo; 0.168878; configurazione;012;tempo;0.85312;
proteina-2j47v5;45_yz;area stimata rispetto al cubo; 0.168878; configurazione;012;tempo;0.832307;
proteina-2j47v6;45_yz;area stimata rispetto al cubo; 0.168878; configurazione;012;tempo;0.829236;
proteina-2j47v7;45_yz;area stimata rispetto al cubo; 0.168878; configurazione;012;tempo;0.822839;
proteina-2j47v8;45_yz;area stimata rispetto al cubo; 0.168878; configurazione;012;tempo;0.862987;
proteina-2j47v9;45_yz;area stimata rispetto al cubo; 0.168878; configurazione;012;tempo;0.828398;
proteina-2j47v0;45_yz;area stimata rispetto al cubo; 0.168874; configurazione;021;tempo;0.839622;
proteina-2j47v1;45_yz;area stimata rispetto al cubo; 0.168874; configurazione;021;tempo;0.841059;
proteina-2j47v2;45_yz;area stimata rispetto al cubo; 0.168874; configurazione;021;tempo;0.829821;
proteina-2j47v3;45_yz;area stimata rispetto al cubo; 0.168874; configurazione;021;tempo;1.33999;
proteina-2j47v4;45_yz;area stimata rispetto al cubo; 0.168874; configurazione;021;tempo;0.867768;
proteina-2j47v5;45_yz;area stimata rispetto al cubo; 0.168874; configurazione;021;tempo;0.833572;
proteina-2j47v6;45_yz;area stimata rispetto al cubo; 0.168874; configurazione;021;tempo;0.838667;
proteina-2j47v7;45_yz;area stimata rispetto al cubo; 0.168874; configurazione;021;tempo;0.847329;
proteina-2j47v8;45_yz;area stimata rispetto al cubo; 0.168874; configurazione;021;tempo;0.829847;
proteina-2j47v9;45_yz;area stimata rispetto al cubo; 0.168874; configurazione;021;tempo;0.823555;
proteina-2j47v0;45_yz;area stimata rispetto al cubo; 0.163495; configurazione;102;tempo;0.847416;
proteina-2j47v1;45_yz;area stimata rispetto al cubo; 0.163495; configurazione;102;tempo;0.836044;
proteina-2j47v2;45_yz;area stimata rispetto al cubo; 0.163495; configurazione;102;tempo;0.83636;
proteina-2j47v3;45_yz;area stimata rispetto al cubo; 0.163495; configurazione;102;tempo;0.830951;
proteina-2j47v4;45_yz;area stimata rispetto al cubo; 0.163495; configurazione;102;tempo;0.850486;
proteina-2j47v5;45_yz;area stimata rispetto al cubo; 0.163495; configurazione;102;tempo;0.821927;
proteina-2j47v6;45_yz;area stimata rispetto al cubo; 0.163495; configurazione;102;tempo;0.822839;
proteina-2j47v7;45_yz;area stimata rispetto al cubo; 0.163495; configurazione;102;tempo;0.860709;
proteina-2j47v8;45_yz;area stimata rispetto al cubo; 0.163495; configurazione;102;tempo;0.827275;
proteina-2j47v9;45_yz;area stimata rispetto al cubo; 0.163495; configurazione;102;tempo;0.82977;
proteina-2j47v0;45_yz;area stimata rispetto al cubo; 0.163028; configurazione;120;tempo;0.84149;
proteina-2j47v1;45_yz;area stimata rispetto al cubo; 0.163028; configurazione;120;tempo;0.834451;
proteina-2j47v2;45_yz;area stimata rispetto al cubo; 0.163028; configurazione;120;tempo;0.841978;
proteina-2j47v3;45_yz;area stimata rispetto al cubo; 0.163028; configurazione;120;tempo;0.849349;
proteina-2j47v4;45_yz;area stimata rispetto al cubo; 0.163028; configurazione;120;tempo;0.850416;
proteina-2j47v5;45_yz;area stimata rispetto al cubo; 0.163028; configurazione;120;tempo;0.843683;
proteina-2j47v6;45_yz;area stimata rispetto al cubo; 0.163028; configurazione;120;tempo;0.833194;
proteina-2j47v7;45_yz;area stimata rispetto al cubo; 0.163028; configurazione;120;tempo;0.935047;
proteina-2j47v8;45_yz;area stimata rispetto al cubo; 0.163028; configurazione;120;tempo;0.999128;
proteina-2j47v9;45_yz;area stimata rispetto al cubo; 0.163028; configurazione;120;tempo;0.811312;
proteina-2j47v0;45_yz;area stimata rispetto al cubo; 0.163038; configurazione;210;tempo;0.851052;
proteina-2j47v1;45_yz;area stimata rispetto al cubo; 0.163038; configurazione;210;tempo;0.819071;
proteina-2j47v2;45_yz;area stimata rispetto al cubo; 0.163038; configurazione;210;tempo;0.812635;
proteina-2j47v3;45_yz;area stimata rispetto al cubo; 0.163038; configurazione;210;tempo;0.836871;
proteina-2j47v4;45_yz;area stimata rispetto al cubo; 0.163038; configurazione;210;tempo;0.824256;
proteina-2j47v5;45_yz;area stimata rispetto al cubo; 0.163038; configurazione;210;tempo;0.812352;
proteina-2j47v6;45_yz;area stimata rispetto al cubo; 0.163038; configurazione;210;tempo;0.829423;
proteina-2j47v7;45_yz;area stimata rispetto al cubo; 0.163038; configurazione;210;tempo;0.820747;
proteina-2j47v8;45_yz;area stimata rispetto al cubo; 0.163038; configurazione;210;tempo;0.814745;
proteina-2j47v9;45_yz;area stimata rispetto al cubo; 0.163038; configurazione;210;tempo;0.813985;
proteina-2j47v0;45_yz;area stimata rispetto al cubo; 0.163476; configurazione;201;tempo;0.853916;
proteina-2j47v1;45_yz;area stimata rispetto al cubo; 0.163476; configurazione;201;tempo;0.81339;
proteina-2j47v2;45_yz;area stimata rispetto al cubo; 0.163476; configurazione;201;tempo;0.813916;
proteina-2j47v3;45_yz;area stimata rispetto al cubo; 0.163476; configurazione;201;tempo;0.840002;
proteina-2j47v4;45_yz;area stimata rispetto al cubo; 0.163476; configurazione;201;tempo;0.826761;
proteina-2j47v5;45_yz;area stimata rispetto al cubo; 0.163476; configurazione;201;tempo;0.814432;
proteina-2j47v6;45_yz;area stimata rispetto al cubo; 0.163476; configurazione;201;tempo;0.838256;
proteina-2j47v7;45_yz;area stimata rispetto al cubo; 0.163476; configurazione;201;tempo;1.38364;
proteina-2j47v8;45_yz;area stimata rispetto al cubo; 0.163476; configurazione;201;tempo;1.45872;
proteina-2j47v9;45_yz;area stimata rispetto al cubo; 0.163476; configurazione;201;tempo;1.04853;
proteina-2j47v0;45_z;area stimata rispetto al cubo; 0.17042; configurazione;012;tempo;1.33348;
proteina-2j47v1;45_z;area stimata rispetto al cubo; 0.17042; configurazione;012;tempo;0.850587;
proteina-2j47v2;45_z;area stimata rispetto al cubo; 0.17042; configurazione;012;tempo;0.828869;
proteina-2j47v3;45_z;area stimata rispetto al cubo; 0.17042; configurazione;012;tempo;0.82884;
proteina-2j47v4;45_z;area stimata rispetto al cubo; 0.17042; configurazione;012;tempo;1.68981;
proteina-2j47v5;45_z;area stimata rispetto al cubo; 0.17042; configurazione;012;tempo;1.68742;
proteina-2j47v6;45_z;area stimata rispetto al cubo; 0.17042; configurazione;012;tempo;1.64032;
proteina-2j47v7;45_z;area stimata rispetto al cubo; 0.17042; configurazione;012;tempo;1.04604;
proteina-2j47v8;45_z;area stimata rispetto al cubo; 0.17042; configurazione;012;tempo;0.900565;
proteina-2j47v9;45_z;area stimata rispetto al cubo; 0.17042; configurazione;012;tempo;0.875519;
proteina-2j47v0;45_z;area stimata rispetto al cubo; 0.1704; configurazione;021;tempo;0.911607;
proteina-2j47v1;45_z;area stimata rispetto al cubo; 0.1704; configurazione;021;tempo;0.898271;
proteina-2j47v2;45_z;area stimata rispetto al cubo; 0.1704; configurazione;021;tempo;0.87844;
proteina-2j47v3;45_z;area stimata rispetto al cubo; 0.1704; configurazione;021;tempo;1.2853;
proteina-2j47v4;45_z;area stimata rispetto al cubo; 0.1704; configurazione;021;tempo;1.02343;
proteina-2j47v5;45_z;area stimata rispetto al cubo; 0.1704; configurazione;021;tempo;1.21808;
proteina-2j47v6;45_z;area stimata rispetto al cubo; 0.1704; configurazione;021;tempo;1.26395;
proteina-2j47v7;45_z;area stimata rispetto al cubo; 0.1704; configurazione;021;tempo;0.945565;
proteina-2j47v8;45_z;area stimata rispetto al cubo; 0.1704; configurazione;021;tempo;0.873859;
proteina-2j47v9;45_z;area stimata rispetto al cubo; 0.1704; configurazione;021;tempo;0.867735;
proteina-2j47v0;45_z;area stimata rispetto al cubo; 0.171148; configurazione;102;tempo;0.919912;
proteina-2j47v1;45_z;area stimata rispetto al cubo; 0.171148; configurazione;102;tempo;0.935253;
proteina-2j47v2;45_z;area stimata rispetto al cubo; 0.171148; configurazione;102;tempo;1.76436;
proteina-2j47v3;45_z;area stimata rispetto al cubo; 0.171148; configurazione;102;tempo;1.71895;
proteina-2j47v4;45_z;area stimata rispetto al cubo; 0.171148; configurazione;102;tempo;1.3718;
proteina-2j47v5;45_z;area stimata rispetto al cubo; 0.171148; configurazione;102;tempo;0.889438;
proteina-2j47v6;45_z;area stimata rispetto al cubo; 0.171148; configurazione;102;tempo;0.884369;
proteina-2j47v7;45_z;area stimata rispetto al cubo; 0.171148; configurazione;102;tempo;0.93665;
proteina-2j47v8;45_z;area stimata rispetto al cubo; 0.171148; configurazione;102;tempo;0.952964;
proteina-2j47v9;45_z;area stimata rispetto al cubo; 0.171148; configurazione;102;tempo;1.02867;
proteina-2j47v0;45_z;area stimata rispetto al cubo; 0.167486; configurazione;120;tempo;0.934059;
proteina-2j47v1;45_z;area stimata rispetto al cubo; 0.167486; configurazione;120;tempo;0.891095;
proteina-2j47v2;45_z;area stimata rispetto al cubo; 0.167486; configurazione;120;tempo;0.875185;
proteina-2j47v3;45_z;area stimata rispetto al cubo; 0.167486; configurazione;120;tempo;0.899536;
proteina-2j47v4;45_z;area stimata rispetto al cubo; 0.167486; configurazione;120;tempo;0.886009;
proteina-2j47v5;45_z;area stimata rispetto al cubo; 0.167486; configurazione;120;tempo;0.870414;
proteina-2j47v6;45_z;area stimata rispetto al cubo; 0.167486; configurazione;120;tempo;0.907493;
proteina-2j47v7;45_z;area stimata rispetto al cubo; 0.167486; configurazione;120;tempo;0.903712;
proteina-2j47v8;45_z;area stimata rispetto al cubo; 0.167486; configurazione;120;tempo;1.44509;
proteina-2j47v9;45_z;area stimata rispetto al cubo; 0.167486; configurazione;120;tempo;0.886844;
proteina-2j47v0;45_z;area stimata rispetto al cubo; 0.167478; configurazione;210;tempo;0.899594;
proteina-2j47v1;45_z;area stimata rispetto al cubo; 0.167478; configurazione;210;tempo;2.25702;
proteina-2j47v2;45_z;area stimata rispetto al cubo; 0.167478; configurazione;210;tempo;1.3451;
proteina-2j47v3;45_z;area stimata rispetto al cubo; 0.167478; configurazione;210;tempo;1.20528;
proteina-2j47v4;45_z;area stimata rispetto al cubo; 0.167478; configurazione;210;tempo;0.945446;
proteina-2j47v5;45_z;area stimata rispetto al cubo; 0.167478; configurazione;210;tempo;1.26332;
proteina-2j47v6;45_z;area stimata rispetto al cubo; 0.167478; configurazione;210;tempo;2.54916;
proteina-2j47v7;45_z;area stimata rispetto al cubo; 0.167478; configurazione;210;tempo;2.14528;
proteina-2j47v8;45_z;area stimata rispetto al cubo; 0.167478; configurazione;210;tempo;1.38455;
proteina-2j47v9;45_z;area stimata rispetto al cubo; 0.167478; configurazione;210;tempo;1.27893;
proteina-2j47v0;45_z;area stimata rispetto al cubo; 0.171152; configurazione;201;tempo;1.07626;
proteina-2j47v1;45_z;area stimata rispetto al cubo; 0.171152; configurazione;201;tempo;1.24646;
proteina-2j47v2;45_z;area stimata rispetto al cubo; 0.171152; configurazione;201;tempo;1.07371;
proteina-2j47v3;45_z;area stimata rispetto al cubo; 0.171152; configurazione;201;tempo;1.05349;
proteina-2j47v4;45_z;area stimata rispetto al cubo; 0.171152; configurazione;201;tempo;1.12263;
proteina-2j47v5;45_z;area stimata rispetto al cubo; 0.171152; configurazione;201;tempo;0.979998;
proteina-2j47v6;45_z;area stimata rispetto al cubo; 0.171152; configurazione;201;tempo;0.97876;
proteina-2j47v7;45_z;area stimata rispetto al cubo; 0.171152; configurazione;201;tempo;0.89619;
proteina-2j47v8;45_z;area stimata rispetto al cubo; 0.171152; configurazione;201;tempo;0.872931;
proteina-2j47v9;45_z;area stimata rispetto al cubo; 0.171152; configurazione;201;tempo;0.869367;
proteina-2j47v0;90_x;area stimata rispetto al cubo; 0.172209; configurazione;012;tempo;0.887187;
proteina-2j47v1;90_x;area stimata rispetto al cubo; 0.172209; configurazione;012;tempo;0.875761;
proteina-2j47v2;90_x;area stimata rispetto al cubo; 0.172209; configurazione;012;tempo;0.948725;
proteina-2j47v3;90_x;area stimata rispetto al cubo; 0.172209; configurazione;012;tempo;1.04729;
proteina-2j47v4;90_x;area stimata rispetto al cubo; 0.172209; configurazione;012;tempo;0.88102;
proteina-2j47v5;90_x;area stimata rispetto al cubo; 0.172209; configurazione;012;tempo;1.33978;
proteina-2j47v6;90_x;area stimata rispetto al cubo; 0.172209; configurazione;012;tempo;1.15582;
proteina-2j47v7;90_x;area stimata rispetto al cubo; 0.172209; configurazione;012;tempo;0.967222;
proteina-2j47v8;90_x;area stimata rispetto al cubo; 0.172209; configurazione;012;tempo;0.883846;
proteina-2j47v9;90_x;area stimata rispetto al cubo; 0.172209; configurazione;012;tempo;0.911376;
proteina-2j47v0;90_x;area stimata rispetto al cubo; 0.172227; configurazione;021;tempo;0.875743;
proteina-2j47v1;90_x;area stimata rispetto al cubo; 0.172227; configurazione;021;tempo;0.870562;
proteina-2j47v2;90_x;area stimata rispetto al cubo; 0.172227; configurazione;021;tempo;0.920219;
proteina-2j47v3;90_x;area stimata rispetto al cubo; 0.172227; configurazione;021;tempo;0.874404;
proteina-2j47v4;90_x;area stimata rispetto al cubo; 0.172227; configurazione;021;tempo;0.908693;
proteina-2j47v5;90_x;area stimata rispetto al cubo; 0.172227; configurazione;021;tempo;0.89801;
proteina-2j47v6;90_x;area stimata rispetto al cubo; 0.172227; configurazione;021;tempo;1.0408;
proteina-2j47v7;90_x;area stimata rispetto al cubo; 0.172227; configurazione;021;tempo;1.29414;
proteina-2j47v8;90_x;area stimata rispetto al cubo; 0.172227; configurazione;021;tempo;0.960069;
proteina-2j47v9;90_x;area stimata rispetto al cubo; 0.172227; configurazione;021;tempo;0.903762;
proteina-2j47v0;90_x;area stimata rispetto al cubo; 0.169852; configurazione;102;tempo;0.886659;
proteina-2j47v1;90_x;area stimata rispetto al cubo; 0.169852; configurazione;102;tempo;0.906761;
proteina-2j47v2;90_x;area stimata rispetto al cubo; 0.169852; configurazione;102;tempo;0.862546;
proteina-2j47v3;90_x;area stimata rispetto al cubo; 0.169852; configurazione;102;tempo;0.86617;
proteina-2j47v4;90_x;area stimata rispetto al cubo; 0.169852; configurazione;102;tempo;0.902721;
proteina-2j47v5;90_x;area stimata rispetto al cubo; 0.169852; configurazione;102;tempo;0.860183;
proteina-2j47v6;90_x;area stimata rispetto al cubo; 0.169852; configurazione;102;tempo;0.862398;
proteina-2j47v7;90_x;area stimata rispetto al cubo; 0.169852; configurazione;102;tempo;0.899618;
proteina-2j47v8;90_x;area stimata rispetto al cubo; 0.169852; configurazione;102;tempo;0.863983;
proteina-2j47v9;90_x;area stimata rispetto al cubo; 0.169852; configurazione;102;tempo;0.86089;
proteina-2j47v0;90_x;area stimata rispetto al cubo; 0.172943; configurazione;120;tempo;0.892715;
proteina-2j47v1;90_x;area stimata rispetto al cubo; 0.172943; configurazione;120;tempo;0.881485;
proteina-2j47v2;90_x;area stimata rispetto al cubo; 0.172943; configurazione;120;tempo;0.883766;
proteina-2j47v3;90_x;area stimata rispetto al cubo; 0.172943; configurazione;120;tempo;0.894452;
proteina-2j47v4;90_x;area stimata rispetto al cubo; 0.172943; configurazione;120;tempo;0.883038;
proteina-2j47v5;90_x;area stimata rispetto al cubo; 0.172943; configurazione;120;tempo;0.868511;
proteina-2j47v6;90_x;area stimata rispetto al cubo; 0.172943; configurazione;120;tempo;0.912258;
proteina-2j47v7;90_x;area stimata rispetto al cubo; 0.172943; configurazione;120;tempo;0.884559;
proteina-2j47v8;90_x;area stimata rispetto al cubo; 0.172943; configurazione;120;tempo;0.873097;
proteina-2j47v9;90_x;area stimata rispetto al cubo; 0.172943; configurazione;120;tempo;0.891795;
proteina-2j47v0;90_x;area stimata rispetto al cubo; 0.172938; configurazione;210;tempo;0.883382;
proteina-2j47v1;90_x;area stimata rispetto al cubo; 0.172938; configurazione;210;tempo;0.886243;
proteina-2j47v2;90_x;area stimata rispetto al cubo; 0.172938; configurazione;210;tempo;0.902116;
proteina-2j47v3;90_x;area stimata rispetto al cubo; 0.172938; configurazione;210;tempo;0.90155;
proteina-2j47v4;90_x;area stimata rispetto al cubo; 0.172938; configurazione;210;tempo;0.886689;
proteina-2j47v5;90_x;area stimata rispetto al cubo; 0.172938; configurazione;210;tempo;0.878042;
proteina-2j47v6;90_x;area stimata rispetto al cubo; 0.172938; configurazione;210;tempo;0.921642;
proteina-2j47v7;90_x;area stimata rispetto al cubo; 0.172938; configurazione;210;tempo;0.883959;
proteina-2j47v8;90_x;area stimata rispetto al cubo; 0.172938; configurazione;210;tempo;0.881255;
proteina-2j47v9;90_x;area stimata rispetto al cubo; 0.172938; configurazione;210;tempo;0.918058;
proteina-2j47v0;90_x;area stimata rispetto al cubo; 0.169849; configurazione;201;tempo;0.886541;
proteina-2j47v1;90_x;area stimata rispetto al cubo; 0.169849; configurazione;201;tempo;0.941181;
proteina-2j47v2;90_x;area stimata rispetto al cubo; 0.169849; configurazione;201;tempo;0.922315;
proteina-2j47v3;90_x;area stimata rispetto al cubo; 0.169849; configurazione;201;tempo;0.999894;
proteina-2j47v4;90_x;area stimata rispetto al cubo; 0.169849; configurazione;201;tempo;1.21024;
proteina-2j47v5;90_x;area stimata rispetto al cubo; 0.169849; configurazione;201;tempo;0.899828;
proteina-2j47v6;90_x;area stimata rispetto al cubo; 0.169849; configurazione;201;tempo;0.901436;
proteina-2j47v7;90_x;area stimata rispetto al cubo; 0.169849; configurazione;201;tempo;0.904379;
proteina-2j47v8;90_x;area stimata rispetto al cubo; 0.169849; configurazione;201;tempo;0.917971;
proteina-2j47v9;90_x;area stimata rispetto al cubo; 0.169849; configurazione;201;tempo;0.883558;
proteina-2j47v0;90_xy;area stimata rispetto al cubo; 0.168375; configurazione;012;tempo;0.880371;
proteina-2j47v1;90_xy;area stimata rispetto al cubo; 0.168375; configurazione;012;tempo;0.919136;
proteina-2j47v2;90_xy;area stimata rispetto al cubo; 0.168375; configurazione;012;tempo;0.874264;
proteina-2j47v3;90_xy;area stimata rispetto al cubo; 0.168375; configurazione;012;tempo;1.02545;
proteina-2j47v4;90_xy;area stimata rispetto al cubo; 0.168375; configurazione;012;tempo;0.936386;
proteina-2j47v5;90_xy;area stimata rispetto al cubo; 0.168375; configurazione;012;tempo;1.06509;
proteina-2j47v6;90_xy;area stimata rispetto al cubo; 0.168375; configurazione;012;tempo;1.08511;
proteina-2j47v7;90_xy;area stimata rispetto al cubo; 0.168375; configurazione;012;tempo;0.916955;
proteina-2j47v8;90_xy;area stimata rispetto al cubo; 0.168375; configurazione;012;tempo;0.878784;
proteina-2j47v9;90_xy;area stimata rispetto al cubo; 0.168375; configurazione;012;tempo;0.898969;
proteina-2j47v0;90_xy;area stimata rispetto al cubo; 0.16837; configurazione;021;tempo;0.896523;
proteina-2j47v1;90_xy;area stimata rispetto al cubo; 0.16837; configurazione;021;tempo;0.888917;
proteina-2j47v2;90_xy;area stimata rispetto al cubo; 0.16837; configurazione;021;tempo;0.901719;
proteina-2j47v3;90_xy;area stimata rispetto al cubo; 0.16837; configurazione;021;tempo;0.92136;
proteina-2j47v4;90_xy;area stimata rispetto al cubo; 0.16837; configurazione;021;tempo;0.900294;
proteina-2j47v5;90_xy;area stimata rispetto al cubo; 0.16837; configurazione;021;tempo;0.899921;
proteina-2j47v6;90_xy;area stimata rispetto al cubo; 0.16837; configurazione;021;tempo;0.930246;
proteina-2j47v7;90_xy;area stimata rispetto al cubo; 0.16837; configurazione;021;tempo;0.899079;
proteina-2j47v8;90_xy;area stimata rispetto al cubo; 0.16837; configurazione;021;tempo;0.893809;
proteina-2j47v9;90_xy;area stimata rispetto al cubo; 0.16837; configurazione;021;tempo;0.929431;
proteina-2j47v0;90_xy;area stimata rispetto al cubo; 0.17211; configurazione;102;tempo;0.898262;
proteina-2j47v1;90_xy;area stimata rispetto al cubo; 0.17211; configurazione;102;tempo;0.895207;
proteina-2j47v2;90_xy;area stimata rispetto al cubo; 0.17211; configurazione;102;tempo;0.925151;
proteina-2j47v3;90_xy;area stimata rispetto al cubo; 0.17211; configurazione;102;tempo;0.905052;
proteina-2j47v4;90_xy;area stimata rispetto al cubo; 0.17211; configurazione;102;tempo;0.893079;
proteina-2j47v5;90_xy;area stimata rispetto al cubo; 0.17211; configurazione;102;tempo;0.931167;
proteina-2j47v6;90_xy;area stimata rispetto al cubo; 0.17211; configurazione;102;tempo;0.894523;
proteina-2j47v7;90_xy;area stimata rispetto al cubo; 0.17211; configurazione;102;tempo;0.92601;
proteina-2j47v8;90_xy;area stimata rispetto al cubo; 0.17211; configurazione;102;tempo;0.945321;
proteina-2j47v9;90_xy;area stimata rispetto al cubo; 0.17211; configurazione;102;tempo;1.12944;
proteina-2j47v0;90_xy;area stimata rispetto al cubo; 0.170797; configurazione;120;tempo;1.36787;
proteina-2j47v1;90_xy;area stimata rispetto al cubo; 0.170797; configurazione;120;tempo;0.917259;
proteina-2j47v2;90_xy;area stimata rispetto al cubo; 0.170797; configurazione;120;tempo;0.917521;
proteina-2j47v3;90_xy;area stimata rispetto al cubo; 0.170797; configurazione;120;tempo;0.917865;
proteina-2j47v4;90_xy;area stimata rispetto al cubo; 0.170797; configurazione;120;tempo;0.907254;
proteina-2j47v5;90_xy;area stimata rispetto al cubo; 0.170797; configurazione;120;tempo;0.883735;
proteina-2j47v6;90_xy;area stimata rispetto al cubo; 0.170797; configurazione;120;tempo;0.901674;
proteina-2j47v7;90_xy;area stimata rispetto al cubo; 0.170797; configurazione;120;tempo;0.899123;
proteina-2j47v8;90_xy;area stimata rispetto al cubo; 0.170797; configurazione;120;tempo;0.889272;
proteina-2j47v9;90_xy;area stimata rispetto al cubo; 0.170797; configurazione;120;tempo;1.0468;
proteina-2j47v0;90_xy;area stimata rispetto al cubo; 0.170815; configurazione;210;tempo;0.917236;
proteina-2j47v1;90_xy;area stimata rispetto al cubo; 0.170815; configurazione;210;tempo;0.886152;
proteina-2j47v2;90_xy;area stimata rispetto al cubo; 0.170815; configurazione;210;tempo;0.903868;
proteina-2j47v3;90_xy;area stimata rispetto al cubo; 0.170815; configurazione;210;tempo;0.901141;
proteina-2j47v4;90_xy;area stimata rispetto al cubo; 0.170815; configurazione;210;tempo;0.892315;
proteina-2j47v5;90_xy;area stimata rispetto al cubo; 0.170815; configurazione;210;tempo;0.90592;
proteina-2j47v6;90_xy;area stimata rispetto al cubo; 0.170815; configurazione;210;tempo;0.903122;
proteina-2j47v7;90_xy;area stimata rispetto al cubo; 0.170815; configurazione;210;tempo;0.884962;
proteina-2j47v8;90_xy;area stimata rispetto al cubo; 0.170815; configurazione;210;tempo;0.891709;
proteina-2j47v9;90_xy;area stimata rispetto al cubo; 0.170815; configurazione;210;tempo;0.929887;
proteina-2j47v0;90_xy;area stimata rispetto al cubo; 0.172104; configurazione;201;tempo;0.892107;
proteina-2j47v1;90_xy;area stimata rispetto al cubo; 0.172104; configurazione;201;tempo;0.880254;
proteina-2j47v2;90_xy;area stimata rispetto al cubo; 0.172104; configurazione;201;tempo;0.935171;
proteina-2j47v3;90_xy;area stimata rispetto al cubo; 0.172104; configurazione;201;tempo;0.888559;
proteina-2j47v4;90_xy;area stimata rispetto al cubo; 0.172104; configurazione;201;tempo;0.881299;
proteina-2j47v5;90_xy;area stimata rispetto al cubo; 0.172104; configurazione;201;tempo;0.917921;
proteina-2j47v6;90_xy;area stimata rispetto al cubo; 0.172104; configurazione;201;tempo;0.902999;
proteina-2j47v7;90_xy;area stimata rispetto al cubo; 0.172104; configurazione;201;tempo;0.888442;
proteina-2j47v8;90_xy;area stimata rispetto al cubo; 0.172104; configurazione;201;tempo;0.919738;
proteina-2j47v9;90_xy;area stimata rispetto al cubo; 0.172104; configurazione;201;tempo;0.888516;
proteina-2j47v0;90_xz;area stimata rispetto al cubo; 0.170568; configurazione;012;tempo;0.891874;
proteina-2j47v1;90_xz;area stimata rispetto al cubo; 0.170568; configurazione;012;tempo;0.919629;
proteina-2j47v2;90_xz;area stimata rispetto al cubo; 0.170568; configurazione;012;tempo;0.890771;
proteina-2j47v3;90_xz;area stimata rispetto al cubo; 0.170568; configurazione;012;tempo;0.956879;
proteina-2j47v4;90_xz;area stimata rispetto al cubo; 0.170568; configurazione;012;tempo;0.92141;
proteina-2j47v5;90_xz;area stimata rispetto al cubo; 0.170568; configurazione;012;tempo;1.04732;
proteina-2j47v6;90_xz;area stimata rispetto al cubo; 0.170568; configurazione;012;tempo;1.30125;
proteina-2j47v7;90_xz;area stimata rispetto al cubo; 0.170568; configurazione;012;tempo;0.924012;
proteina-2j47v8;90_xz;area stimata rispetto al cubo; 0.170568; configurazione;012;tempo;0.909661;
proteina-2j47v9;90_xz;area stimata rispetto al cubo; 0.170568; configurazione;012;tempo;0.89177;
proteina-2j47v0;90_xz;area stimata rispetto al cubo; 0.170576; configurazione;021;tempo;0.926184;
proteina-2j47v1;90_xz;area stimata rispetto al cubo; 0.170576; configurazione;021;tempo;0.891693;
proteina-2j47v2;90_xz;area stimata rispetto al cubo; 0.170576; configurazione;021;tempo;0.895032;
proteina-2j47v3;90_xz;area stimata rispetto al cubo; 0.170576; configurazione;021;tempo;0.932827;
proteina-2j47v4;90_xz;area stimata rispetto al cubo; 0.170576; configurazione;021;tempo;0.899406;
proteina-2j47v5;90_xz;area stimata rispetto al cubo; 0.170576; configurazione;021;tempo;0.89203;
proteina-2j47v6;90_xz;area stimata rispetto al cubo; 0.170576; configurazione;021;tempo;0.947629;
proteina-2j47v7;90_xz;area stimata rispetto al cubo; 0.170576; configurazione;021;tempo;0.89377;
proteina-2j47v8;90_xz;area stimata rispetto al cubo; 0.170576; configurazione;021;tempo;0.892001;
proteina-2j47v9;90_xz;area stimata rispetto al cubo; 0.170576; configurazione;021;tempo;0.92943;
proteina-2j47v0;90_xz;area stimata rispetto al cubo; 0.168346; configurazione;102;tempo;0.899001;
proteina-2j47v1;90_xz;area stimata rispetto al cubo; 0.168346; configurazione;102;tempo;0.899804;
proteina-2j47v2;90_xz;area stimata rispetto al cubo; 0.168346; configurazione;102;tempo;0.929078;
proteina-2j47v3;90_xz;area stimata rispetto al cubo; 0.168346; configurazione;102;tempo;0.88758;
proteina-2j47v4;90_xz;area stimata rispetto al cubo; 0.168346; configurazione;102;tempo;0.893909;
proteina-2j47v5;90_xz;area stimata rispetto al cubo; 0.168346; configurazione;102;tempo;0.928528;
proteina-2j47v6;90_xz;area stimata rispetto al cubo; 0.168346; configurazione;102;tempo;0.8946;
proteina-2j47v7;90_xz;area stimata rispetto al cubo; 0.168346; configurazione;102;tempo;1.10525;
proteina-2j47v8;90_xz;area stimata rispetto al cubo; 0.168346; configurazione;102;tempo;0.941435;
proteina-2j47v9;90_xz;area stimata rispetto al cubo; 0.168346; configurazione;102;tempo;0.902113;
proteina-2j47v0;90_xz;area stimata rispetto al cubo; 0.171856; configurazione;120;tempo;0.960335;
proteina-2j47v1;90_xz;area stimata rispetto al cubo; 0.171856; configurazione;120;tempo;2.08281;
proteina-2j47v2;90_xz;area stimata rispetto al cubo; 0.171856; configurazione;120;tempo;1.73853;
proteina-2j47v3;90_xz;area stimata rispetto al cubo; 0.171856; configurazione;120;tempo;1.45713;
proteina-2j47v4;90_xz;area stimata rispetto al cubo; 0.171856; configurazione;120;tempo;0.981829;
proteina-2j47v5;90_xz;area stimata rispetto al cubo; 0.171856; configurazione;120;tempo;1.7351;
proteina-2j47v6;90_xz;area stimata rispetto al cubo; 0.171856; configurazione;120;tempo;1.62086;
proteina-2j47v7;90_xz;area stimata rispetto al cubo; 0.171856; configurazione;120;tempo;1.65998;
proteina-2j47v8;90_xz;area stimata rispetto al cubo; 0.171856; configurazione;120;tempo;2.11058;
proteina-2j47v9;90_xz;area stimata rispetto al cubo; 0.171856; configurazione;120;tempo;0.924806;
proteina-2j47v0;90_xz;area stimata rispetto al cubo; 0.171873; configurazione;210;tempo;0.930517;
proteina-2j47v1;90_xz;area stimata rispetto al cubo; 0.171873; configurazione;210;tempo;0.916799;
proteina-2j47v2;90_xz;area stimata rispetto al cubo; 0.171873; configurazione;210;tempo;0.897228;
proteina-2j47v3;90_xz;area stimata rispetto al cubo; 0.171873; configurazione;210;tempo;0.912502;
proteina-2j47v4;90_xz;area stimata rispetto al cubo; 0.171873; configurazione;210;tempo;0.907962;
proteina-2j47v5;90_xz;area stimata rispetto al cubo; 0.171873; configurazione;210;tempo;1.63714;
proteina-2j47v6;90_xz;area stimata rispetto al cubo; 0.171873; configurazione;210;tempo;2.4519;
proteina-2j47v7;90_xz;area stimata rispetto al cubo; 0.171873; configurazione;210;tempo;1.08964;
proteina-2j47v8;90_xz;area stimata rispetto al cubo; 0.171873; configurazione;210;tempo;0.925399;
proteina-2j47v9;90_xz;area stimata rispetto al cubo; 0.171873; configurazione;210;tempo;0.903633;
proteina-2j47v0;90_xz;area stimata rispetto al cubo; 0.168331; configurazione;201;tempo;0.918826;
proteina-2j47v1;90_xz;area stimata rispetto al cubo; 0.168331; configurazione;201;tempo;0.904379;
proteina-2j47v2;90_xz;area stimata rispetto al cubo; 0.168331; configurazione;201;tempo;0.903173;
proteina-2j47v3;90_xz;area stimata rispetto al cubo; 0.168331; configurazione;201;tempo;0.921163;
proteina-2j47v4;90_xz;area stimata rispetto al cubo; 0.168331; configurazione;201;tempo;0.905206;
proteina-2j47v5;90_xz;area stimata rispetto al cubo; 0.168331; configurazione;201;tempo;0.904655;
proteina-2j47v6;90_xz;area stimata rispetto al cubo; 0.168331; configurazione;201;tempo;0.916684;
proteina-2j47v7;90_xz;area stimata rispetto al cubo; 0.168331; configurazione;201;tempo;0.907818;
proteina-2j47v8;90_xz;area stimata rispetto al cubo; 0.168331; configurazione;201;tempo;0.896712;
proteina-2j47v9;90_xz;area stimata rispetto al cubo; 0.168331; configurazione;201;tempo;0.92384;
proteina-2j47v0;90_y;area stimata rispetto al cubo; 0.171498; configurazione;012;tempo;0.923112;
proteina-2j47v1;90_y;area stimata rispetto al cubo; 0.171498; configurazione;012;tempo;0.899266;
proteina-2j47v2;90_y;area stimata rispetto al cubo; 0.171498; configurazione;012;tempo;0.927132;
proteina-2j47v3;90_y;area stimata rispetto al cubo; 0.171498; configurazione;012;tempo;0.909495;
proteina-2j47v4;90_y;area stimata rispetto al cubo; 0.171498; configurazione;012;tempo;0.904904;
proteina-2j47v5;90_y;area stimata rispetto al cubo; 0.171498; configurazione;012;tempo;0.920352;
proteina-2j47v6;90_y;area stimata rispetto al cubo; 0.171498; configurazione;012;tempo;0.913819;
proteina-2j47v7;90_y;area stimata rispetto al cubo; 0.171498; configurazione;012;tempo;0.930148;
proteina-2j47v8;90_y;area stimata rispetto al cubo; 0.171498; configurazione;012;tempo;0.91827;
proteina-2j47v9;90_y;area stimata rispetto al cubo; 0.171498; configurazione;012;tempo;0.915543;
proteina-2j47v0;90_y;area stimata rispetto al cubo; 0.171551; configurazione;021;tempo;1.42278;
proteina-2j47v1;90_y;area stimata rispetto al cubo; 0.171551; configurazione;021;tempo;1.0177;
proteina-2j47v2;90_y;area stimata rispetto al cubo; 0.171551; configurazione;021;tempo;0.91729;
proteina-2j47v3;90_y;area stimata rispetto al cubo; 0.171551; configurazione;021;tempo;0.896061;
proteina-2j47v4;90_y;area stimata rispetto al cubo; 0.171551; configurazione;021;tempo;0.928536;
proteina-2j47v5;90_y;area stimata rispetto al cubo; 0.171551; configurazione;021;tempo;0.903074;
proteina-2j47v6;90_y;area stimata rispetto al cubo; 0.171551; configurazione;021;tempo;0.892439;
proteina-2j47v7;90_y;area stimata rispetto al cubo; 0.171551; configurazione;021;tempo;0.924005;
proteina-2j47v8;90_y;area stimata rispetto al cubo; 0.171551; configurazione;021;tempo;0.904818;
proteina-2j47v9;90_y;area stimata rispetto al cubo; 0.171551; configurazione;021;tempo;0.900992;
proteina-2j47v0;90_y;area stimata rispetto al cubo; 0.166887; configurazione;102;tempo;0.914516;
proteina-2j47v1;90_y;area stimata rispetto al cubo; 0.166887; configurazione;102;tempo;0.915803;
proteina-2j47v2;90_y;area stimata rispetto al cubo; 0.166887; configurazione;102;tempo;0.897316;
proteina-2j47v3;90_y;area stimata rispetto al cubo; 0.166887; configurazione;102;tempo;0.919979;
proteina-2j47v4;90_y;area stimata rispetto al cubo; 0.166887; configurazione;102;tempo;0.899684;
proteina-2j47v5;90_y;area stimata rispetto al cubo; 0.166887; configurazione;102;tempo;0.90673;
proteina-2j47v6;90_y;area stimata rispetto al cubo; 0.166887; configurazione;102;tempo;0.910384;
proteina-2j47v7;90_y;area stimata rispetto al cubo; 0.166887; configurazione;102;tempo;0.907222;
proteina-2j47v8;90_y;area stimata rispetto al cubo; 0.166887; configurazione;102;tempo;0.893954;
proteina-2j47v9;90_y;area stimata rispetto al cubo; 0.166887; configurazione;102;tempo;0.92187;
proteina-2j47v0;90_y;area stimata rispetto al cubo; 0.169774; configurazione;120;tempo;0.90475;
proteina-2j47v1;90_y;area stimata rispetto al cubo; 0.169774; configurazione;120;tempo;0.926122;
proteina-2j47v2;90_y;area stimata rispetto al cubo; 0.169774; configurazione;120;tempo;0.928459;
proteina-2j47v3;90_y;area stimata rispetto al cubo; 0.169774; configurazione;120;tempo;0.908426;
proteina-2j47v4;90_y;area stimata rispetto al cubo; 0.169774; configurazione;120;tempo;0.89651;
proteina-2j47v5;90_y;area stimata rispetto al cubo; 0.169774; configurazione;120;tempo;0.912536;
proteina-2j47v6;90_y;area stimata rispetto al cubo; 0.169774; configurazione;120;tempo;0.903388;
proteina-2j47v7;90_y;area stimata rispetto al cubo; 0.169774; configurazione;120;tempo;0.901751;
proteina-2j47v8;90_y;area stimata rispetto al cubo; 0.169774; configurazione;120;tempo;0.916564;
proteina-2j47v9;90_y;area stimata rispetto al cubo; 0.169774; configurazione;120;tempo;0.911483;
proteina-2j47v0;90_y;area stimata rispetto al cubo; 0.169755; configurazione;210;tempo;0.90586;
proteina-2j47v1;90_y;area stimata rispetto al cubo; 0.169755; configurazione;210;tempo;0.916133;
proteina-2j47v2;90_y;area stimata rispetto al cubo; 0.169755; configurazione;210;tempo;0.908742;
proteina-2j47v3;90_y;area stimata rispetto al cubo; 0.169755; configurazione;210;tempo;0.94017;
proteina-2j47v4;90_y;area stimata rispetto al cubo; 0.169755; configurazione;210;tempo;0.910934;
proteina-2j47v5;90_y;area stimata rispetto al cubo; 0.169755; configurazione;210;tempo;0.908284;
proteina-2j47v6;90_y;area stimata rispetto al cubo; 0.169755; configurazione;210;tempo;1.21498;
proteina-2j47v7;90_y;area stimata rispetto al cubo; 0.169755; configurazione;210;tempo;1.21053;
proteina-2j47v8;90_y;area stimata rispetto al cubo; 0.169755; configurazione;210;tempo;0.918431;
proteina-2j47v9;90_y;area stimata rispetto al cubo; 0.169755; configurazione;210;tempo;0.892725;
proteina-2j47v0;90_y;area stimata rispetto al cubo; 0.166896; configurazione;201;tempo;0.908116;
proteina-2j47v1;90_y;area stimata rispetto al cubo; 0.166896; configurazione;201;tempo;1.04517;
proteina-2j47v2;90_y;area stimata rispetto al cubo; 0.166896; configurazione;201;tempo;0.907303;
proteina-2j47v3;90_y;area stimata rispetto al cubo; 0.166896; configurazione;201;tempo;0.916483;
proteina-2j47v4;90_y;area stimata rispetto al cubo; 0.166896; configurazione;201;tempo;1.902;
proteina-2j47v5;90_y;area stimata rispetto al cubo; 0.166896; configurazione;201;tempo;1.50538;
proteina-2j47v6;90_y;area stimata rispetto al cubo; 0.166896; configurazione;201;tempo;1.55379;
proteina-2j47v7;90_y;area stimata rispetto al cubo; 0.166896; configurazione;201;tempo;1.67103;
proteina-2j47v8;90_y;area stimata rispetto al cubo; 0.166896; configurazione;201;tempo;0.924313;
proteina-2j47v9;90_y;area stimata rispetto al cubo; 0.166896; configurazione;201;tempo;0.917505;
proteina-2j47v0;90_yz;area stimata rispetto al cubo; 0.167494; configurazione;012;tempo;0.912907;
proteina-2j47v1;90_yz;area stimata rispetto al cubo; 0.167494; configurazione;012;tempo;0.901804;
proteina-2j47v2;90_yz;area stimata rispetto al cubo; 0.167494; configurazione;012;tempo;0.918426;
proteina-2j47v3;90_yz;area stimata rispetto al cubo; 0.167494; configurazione;012;tempo;0.908723;
proteina-2j47v4;90_yz;area stimata rispetto al cubo; 0.167494; configurazione;012;tempo;0.894949;
proteina-2j47v5;90_yz;area stimata rispetto al cubo; 0.167494; configurazione;012;tempo;0.917753;
proteina-2j47v6;90_yz;area stimata rispetto al cubo; 0.167494; configurazione;012;tempo;0.90518;
proteina-2j47v7;90_yz;area stimata rispetto al cubo; 0.167494; configurazione;012;tempo;0.891516;
proteina-2j47v8;90_yz;area stimata rispetto al cubo; 0.167494; configurazione;012;tempo;0.889968;
proteina-2j47v9;90_yz;area stimata rispetto al cubo; 0.167494; configurazione;012;tempo;0.924211;
proteina-2j47v0;90_yz;area stimata rispetto al cubo; 0.167489; configurazione;021;tempo;1.43894;
proteina-2j47v1;90_yz;area stimata rispetto al cubo; 0.167489; configurazione;021;tempo;1.49999;
proteina-2j47v2;90_yz;area stimata rispetto al cubo; 0.167489; configurazione;021;tempo;0.879613;
proteina-2j47v3;90_yz;area stimata rispetto al cubo; 0.167489; configurazione;021;tempo;0.854613;
proteina-2j47v4;90_yz;area stimata rispetto al cubo; 0.167489; configurazione;021;tempo;0.894888;
proteina-2j47v5;90_yz;area stimata rispetto al cubo; 0.167489; configurazione;021;tempo;0.859779;
proteina-2j47v6;90_yz;area stimata rispetto al cubo; 0.167489; configurazione;021;tempo;0.88978;
proteina-2j47v7;90_yz;area stimata rispetto al cubo; 0.167489; configurazione;021;tempo;0.891404;
proteina-2j47v8;90_yz;area stimata rispetto al cubo; 0.167489; configurazione;021;tempo;1.09868;
proteina-2j47v9;90_yz;area stimata rispetto al cubo; 0.167489; configurazione;021;tempo;1.24943;
proteina-2j47v0;90_yz;area stimata rispetto al cubo; 0.170483; configurazione;102;tempo;0.893136;
proteina-2j47v1;90_yz;area stimata rispetto al cubo; 0.170483; configurazione;102;tempo;0.862516;
proteina-2j47v2;90_yz;area stimata rispetto al cubo; 0.170483; configurazione;102;tempo;0.863935;
proteina-2j47v3;90_yz;area stimata rispetto al cubo; 0.170483; configurazione;102;tempo;0.879419;
proteina-2j47v4;90_yz;area stimata rispetto al cubo; 0.170483; configurazione;102;tempo;0.850731;
proteina-2j47v5;90_yz;area stimata rispetto al cubo; 0.170483; configurazione;102;tempo;0.85667;
proteina-2j47v6;90_yz;area stimata rispetto al cubo; 0.170483; configurazione;102;tempo;0.889665;
proteina-2j47v7;90_yz;area stimata rispetto al cubo; 0.170483; configurazione;102;tempo;0.859123;
proteina-2j47v8;90_yz;area stimata rispetto al cubo; 0.170483; configurazione;102;tempo;0.85965;
proteina-2j47v9;90_yz;area stimata rispetto al cubo; 0.170483; configurazione;102;tempo;0.874708;
proteina-2j47v0;90_yz;area stimata rispetto al cubo; 0.171158; configurazione;120;tempo;0.869855;
proteina-2j47v1;90_yz;area stimata rispetto al cubo; 0.171158; configurazione;120;tempo;0.856711;
proteina-2j47v2;90_yz;area stimata rispetto al cubo; 0.171158; configurazione;120;tempo;0.878723;
proteina-2j47v3;90_yz;area stimata rispetto al cubo; 0.171158; configurazione;120;tempo;0.873022;
proteina-2j47v4;90_yz;area stimata rispetto al cubo; 0.171158; configurazione;120;tempo;0.857988;
proteina-2j47v5;90_yz;area stimata rispetto al cubo; 0.171158; configurazione;120;tempo;0.885224;
proteina-2j47v6;90_yz;area stimata rispetto al cubo; 0.171158; configurazione;120;tempo;0.863606;
proteina-2j47v7;90_yz;area stimata rispetto al cubo; 0.171158; configurazione;120;tempo;0.856077;
proteina-2j47v8;90_yz;area stimata rispetto al cubo; 0.171158; configurazione;120;tempo;0.868565;
proteina-2j47v9;90_yz;area stimata rispetto al cubo; 0.171158; configurazione;120;tempo;0.872693;
proteina-2j47v0;90_yz;area stimata rispetto al cubo; 0.17115; configurazione;210;tempo;0.855555;
proteina-2j47v1;90_yz;area stimata rispetto al cubo; 0.17115; configurazione;210;tempo;0.852935;
proteina-2j47v2;90_yz;area stimata rispetto al cubo; 0.17115; configurazione;210;tempo;0.884995;
proteina-2j47v3;90_yz;area stimata rispetto al cubo; 0.17115; configurazione;210;tempo;0.853599;
proteina-2j47v4;90_yz;area stimata rispetto al cubo; 0.17115; configurazione;210;tempo;0.851188;
proteina-2j47v5;90_yz;area stimata rispetto al cubo; 0.17115; configurazione;210;tempo;0.881574;
proteina-2j47v6;90_yz;area stimata rispetto al cubo; 0.17115; configurazione;210;tempo;0.864582;
proteina-2j47v7;90_yz;area stimata rispetto al cubo; 0.17115; configurazione;210;tempo;0.853767;
proteina-2j47v8;90_yz;area stimata rispetto al cubo; 0.17115; configurazione;210;tempo;0.880415;
proteina-2j47v9;90_yz;area stimata rispetto al cubo; 0.17115; configurazione;210;tempo;0.872127;
proteina-2j47v0;90_yz;area stimata rispetto al cubo; 0.170489; configurazione;201;tempo;0.863183;
proteina-2j47v1;90_yz;area stimata rispetto al cubo; 0.170489; configurazione;201;tempo;0.885059;
proteina-2j47v2;90_yz;area stimata rispetto al cubo; 0.170489; configurazione;201;tempo;0.868187;
proteina-2j47v3;90_yz;area stimata rispetto al cubo; 0.170489; configurazione;201;tempo;0.896322;
proteina-2j47v4;90_yz;area stimata rispetto al cubo; 0.170489; configurazione;201;tempo;0.881391;
proteina-2j47v5;90_yz;area stimata rispetto al cubo; 0.170489; configurazione;201;tempo;0.868995;
proteina-2j47v6;90_yz;area stimata rispetto al cubo; 0.170489; configurazione;201;tempo;1.13234;
proteina-2j47v7;90_yz;area stimata rispetto al cubo; 0.170489; configurazione;201;tempo;1.09015;
proteina-2j47v8;90_yz;area stimata rispetto al cubo; 0.170489; configurazione;201;tempo;0.89034;
proteina-2j47v9;90_yz;area stimata rispetto al cubo; 0.170489; configurazione;201;tempo;0.867437;
proteina-2j47v0;90_z;area stimata rispetto al cubo; 0.169795; configurazione;012;tempo;0.884529;
proteina-2j47v1;90_z;area stimata rispetto al cubo; 0.169795; configurazione;012;tempo;0.873935;
proteina-2j47v2;90_z;area stimata rispetto al cubo; 0.169795; configurazione;012;tempo;0.860623;
proteina-2j47v3;90_z;area stimata rispetto al cubo; 0.169795; configurazione;012;tempo;0.883615;
proteina-2j47v4;90_z;area stimata rispetto al cubo; 0.169795; configurazione;012;tempo;0.872853;
proteina-2j47v5;90_z;area stimata rispetto al cubo; 0.169795; configurazione;012;tempo;0.858585;
proteina-2j47v6;90_z;area stimata rispetto al cubo; 0.169795; configurazione;012;tempo;0.864695;
proteina-2j47v7;90_z;area stimata rispetto al cubo; 0.169795; configurazione;012;tempo;0.878498;
proteina-2j47v8;90_z;area stimata rispetto al cubo; 0.169795; configurazione;012;tempo;0.855168;
proteina-2j47v9;90_z;area stimata rispetto al cubo; 0.169795; configurazione;012;tempo;0.859393;
proteina-2j47v0;90_z;area stimata rispetto al cubo; 0.169803; configurazione;021;tempo;0.897593;
proteina-2j47v1;90_z;area stimata rispetto al cubo; 0.169803; configurazione;021;tempo;0.864439;
proteina-2j47v2;90_z;area stimata rispetto al cubo; 0.169803; configurazione;021;tempo;0.861391;
proteina-2j47v3;90_z;area stimata rispetto al cubo; 0.169803; configurazione;021;tempo;0.892577;
proteina-2j47v4;90_z;area stimata rispetto al cubo; 0.169803; configurazione;021;tempo;0.865415;
proteina-2j47v5;90_z;area stimata rispetto al cubo; 0.169803; configurazione;021;tempo;0.853495;
proteina-2j47v6;90_z;area stimata rispetto al cubo; 0.169803; configurazione;021;tempo;1.06635;
proteina-2j47v7;90_z;area stimata rispetto al cubo; 0.169803; configurazione;021;tempo;0.872865;
proteina-2j47v8;90_z;area stimata rispetto al cubo; 0.169803; configurazione;021;tempo;0.865735;
proteina-2j47v9;90_z;area stimata rispetto al cubo; 0.169803; configurazione;021;tempo;0.880505;
proteina-2j47v0;90_z;area stimata rispetto al cubo; 0.166265; configurazione;102;tempo;0.870087;
proteina-2j47v1;90_z;area stimata rispetto al cubo; 0.166265; configurazione;102;tempo;0.862947;
proteina-2j47v2;90_z;area stimata rispetto al cubo; 0.166265; configurazione;102;tempo;0.884079;
proteina-2j47v3;90_z;area stimata rispetto al cubo; 0.166265; configurazione;102;tempo;0.884688;
proteina-2j47v4;90_z;area stimata rispetto al cubo; 0.166265; configurazione;102;tempo;0.884101;
proteina-2j47v5;90_z;area stimata rispetto al cubo; 0.166265; configurazione;102;tempo;0.880393;
proteina-2j47v6;90_z;area stimata rispetto al cubo; 0.166265; configurazione;102;tempo;0.869931;
proteina-2j47v7;90_z;area stimata rispetto al cubo; 0.166265; configurazione;102;tempo;0.866008;
proteina-2j47v8;90_z;area stimata rispetto al cubo; 0.166265; configurazione;102;tempo;0.888399;
proteina-2j47v9;90_z;area stimata rispetto al cubo; 0.166265; configurazione;102;tempo;0.875756;
proteina-2j47v0;90_z;area stimata rispetto al cubo; 0.170822; configurazione;120;tempo;0.88565;
proteina-2j47v1;90_z;area stimata rispetto al cubo; 0.170822; configurazione;120;tempo;0.859529;
proteina-2j47v2;90_z;area stimata rispetto al cubo; 0.170822; configurazione;120;tempo;0.901602;
proteina-2j47v3;90_z;area stimata rispetto al cubo; 0.170822; configurazione;120;tempo;1.12212;
proteina-2j47v4;90_z;area stimata rispetto al cubo; 0.170822; configurazione;120;tempo;1.23335;
proteina-2j47v5;90_z;area stimata rispetto al cubo; 0.170822; configurazione;120;tempo;0.887752;
proteina-2j47v6;90_z;area stimata rispetto al cubo; 0.170822; configurazione;120;tempo;0.868096;
proteina-2j47v7;90_z;area stimata rispetto al cubo; 0.170822; configurazione;120;tempo;0.880161;
proteina-2j47v8;90_z;area stimata rispetto al cubo; 0.170822; configurazione;120;tempo;0.871871;
proteina-2j47v9;90_z;area stimata rispetto al cubo; 0.170822; configurazione;120;tempo;0.868043;
proteina-2j47v0;90_z;area stimata rispetto al cubo; 0.17083; configurazione;210;tempo;0.87555;
proteina-2j47v1;90_z;area stimata rispetto al cubo; 0.17083; configurazione;210;tempo;0.874211;
proteina-2j47v2;90_z;area stimata rispetto al cubo; 0.17083; configurazione;210;tempo;0.857393;
proteina-2j47v3;90_z;area stimata rispetto al cubo; 0.17083; configurazione;210;tempo;0.934256;
proteina-2j47v4;90_z;area stimata rispetto al cubo; 0.17083; configurazione;210;tempo;0.957191;
proteina-2j47v5;90_z;area stimata rispetto al cubo; 0.17083; configurazione;210;tempo;0.854203;
proteina-2j47v6;90_z;area stimata rispetto al cubo; 0.17083; configurazione;210;tempo;0.863977;
proteina-2j47v7;90_z;area stimata rispetto al cubo; 0.17083; configurazione;210;tempo;0.888043;
proteina-2j47v8;90_z;area stimata rispetto al cubo; 0.17083; configurazione;210;tempo;0.857371;
proteina-2j47v9;90_z;area stimata rispetto al cubo; 0.17083; configurazione;210;tempo;0.85931;
proteina-2j47v0;90_z;area stimata rispetto al cubo; 0.166271; configurazione;201;tempo;0.88356;
proteina-2j47v1;90_z;area stimata rispetto al cubo; 0.166271; configurazione;201;tempo;0.860342;
proteina-2j47v2;90_z;area stimata rispetto al cubo; 0.166271; configurazione;201;tempo;0.857924;
proteina-2j47v3;90_z;area stimata rispetto al cubo; 0.166271; configurazione;201;tempo;0.886714;
proteina-2j47v4;90_z;area stimata rispetto al cubo; 0.166271; configurazione;201;tempo;0.866021;
proteina-2j47v5;90_z;area stimata rispetto al cubo; 0.166271; configurazione;201;tempo;0.859728;
proteina-2j47v6;90_z;area stimata rispetto al cubo; 0.166271; configurazione;201;tempo;0.877949;
proteina-2j47v7;90_z;area stimata rispetto al cubo; 0.166271; configurazione;201;tempo;0.864994;
proteina-2j47v8;90_z;area stimata rispetto al cubo; 0.166271; configurazione;201;tempo;0.861007;
proteina-2j47v9;90_z;area stimata rispetto al cubo; 0.166271; configurazione;201;tempo;0.870513;
proteina-2j47v0;no_rotation;area stimata rispetto al cubo; 0.169795; configurazione;012;tempo;0.863627;
proteina-2j47v1;no_rotation;area stimata rispetto al cubo; 0.169795; configurazione;012;tempo;0.857645;
proteina-2j47v2;no_rotation;area stimata rispetto al cubo; 0.169795; configurazione;012;tempo;0.880186;
proteina-2j47v3;no_rotation;area stimata rispetto al cubo; 0.169795; configurazione;012;tempo;1.77015;
proteina-2j47v4;no_rotation;area stimata rispetto al cubo; 0.169795; configurazione;012;tempo;1.06384;
proteina-2j47v5;no_rotation;area stimata rispetto al cubo; 0.169795; configurazione;012;tempo;1.37544;
proteina-2j47v6;no_rotation;area stimata rispetto al cubo; 0.169795; configurazione;012;tempo;1.64566;
proteina-2j47v7;no_rotation;area stimata rispetto al cubo; 0.169795; configurazione;012;tempo;1.22514;
proteina-2j47v8;no_rotation;area stimata rispetto al cubo; 0.169795; configurazione;012;tempo;1.25394;
proteina-2j47v9;no_rotation;area stimata rispetto al cubo; 0.169795; configurazione;012;tempo;1.08836;
proteina-2j47v0;no_rotation;area stimata rispetto al cubo; 0.169803; configurazione;021;tempo;0.919825;
proteina-2j47v1;no_rotation;area stimata rispetto al cubo; 0.169803; configurazione;021;tempo;0.901878;
proteina-2j47v2;no_rotation;area stimata rispetto al cubo; 0.169803; configurazione;021;tempo;0.922868;
proteina-2j47v3;no_rotation;area stimata rispetto al cubo; 0.169803; configurazione;021;tempo;0.90452;
proteina-2j47v4;no_rotation;area stimata rispetto al cubo; 0.169803; configurazione;021;tempo;0.890763;
proteina-2j47v5;no_rotation;area stimata rispetto al cubo; 0.169803; configurazione;021;tempo;0.927698;
proteina-2j47v6;no_rotation;area stimata rispetto al cubo; 0.169803; configurazione;021;tempo;0.907357;
proteina-2j47v7;no_rotation;area stimata rispetto al cubo; 0.169803; configurazione;021;tempo;0.903526;
proteina-2j47v8;no_rotation;area stimata rispetto al cubo; 0.169803; configurazione;021;tempo;0.914907;
proteina-2j47v9;no_rotation;area stimata rispetto al cubo; 0.169803; configurazione;021;tempo;0.9163;
proteina-2j47v0;no_rotation;area stimata rispetto al cubo; 0.166265; configurazione;102;tempo;0.894305;
proteina-2j47v1;no_rotation;area stimata rispetto al cubo; 0.166265; configurazione;102;tempo;0.914639;
proteina-2j47v2;no_rotation;area stimata rispetto al cubo; 0.166265; configurazione;102;tempo;0.908383;
proteina-2j47v3;no_rotation;area stimata rispetto al cubo; 0.166265; configurazione;102;tempo;0.904301;
proteina-2j47v4;no_rotation;area stimata rispetto al cubo; 0.166265; configurazione;102;tempo;0.915864;
proteina-2j47v5;no_rotation;area stimata rispetto al cubo; 0.166265; configurazione;102;tempo;0.906927;
proteina-2j47v6;no_rotation;area stimata rispetto al cubo; 0.166265; configurazione;102;tempo;0.898435;
proteina-2j47v7;no_rotation;area stimata rispetto al cubo; 0.166265; configurazione;102;tempo;0.914744;
proteina-2j47v8;no_rotation;area stimata rispetto al cubo; 0.166265; configurazione;102;tempo;0.911325;
proteina-2j47v9;no_rotation;area stimata rispetto al cubo; 0.166265; configurazione;102;tempo;0.895013;
proteina-2j47v0;no_rotation;area stimata rispetto al cubo; 0.170822; configurazione;120;tempo;0.925805;
proteina-2j47v1;no_rotation;area stimata rispetto al cubo; 0.170822; configurazione;120;tempo;0.916491;
proteina-2j47v2;no_rotation;area stimata rispetto al cubo; 0.170822; configurazione;120;tempo;0.898571;
proteina-2j47v3;no_rotation;area stimata rispetto al cubo; 0.170822; configurazione;120;tempo;0.912959;
proteina-2j47v4;no_rotation;area stimata rispetto al cubo; 0.170822; configurazione;120;tempo;0.915212;
proteina-2j47v5;no_rotation;area stimata rispetto al cubo; 0.170822; configurazione;120;tempo;0.895698;
proteina-2j47v6;no_rotation;area stimata rispetto al cubo; 0.170822; configurazione;120;tempo;0.916555;
proteina-2j47v7;no_rotation;area stimata rispetto al cubo; 0.170822; configurazione;120;tempo;0.921329;
proteina-2j47v8;no_rotation;area stimata rispetto al cubo; 0.170822; configurazione;120;tempo;1.04994;
proteina-2j47v9;no_rotation;area stimata rispetto al cubo; 0.170822; configurazione;120;tempo;0.950766;
proteina-2j47v0;no_rotation;area stimata rispetto al cubo; 0.17083; configurazione;210;tempo;0.916794;
proteina-2j47v1;no_rotation;area stimata rispetto al cubo; 0.17083; configurazione;210;tempo;0.960069;
proteina-2j47v2;no_rotation;area stimata rispetto al cubo; 0.17083; configurazione;210;tempo;0.937996;
proteina-2j47v3;no_rotation;area stimata rispetto al cubo; 0.17083; configurazione;210;tempo;0.91422;
proteina-2j47v4;no_rotation;area stimata rispetto al cubo; 0.17083; configurazione;210;tempo;1.58951;
proteina-2j47v5;no_rotation;area stimata rispetto al cubo; 0.17083; configurazione;210;tempo;0.989403;
proteina-2j47v6;no_rotation;area stimata rispetto al cubo; 0.17083; configurazione;210;tempo;0.938121;
proteina-2j47v7;no_rotation;area stimata rispetto al cubo; 0.17083; configurazione;210;tempo;0.903655;
proteina-2j47v8;no_rotation;area stimata rispetto al cubo; 0.17083; configurazione;210;tempo;0.948788;
proteina-2j47v9;no_rotation;area stimata rispetto al cubo; 0.17083; configurazione;210;tempo;0.916998;
proteina-2j47v0;no_rotation;area stimata rispetto al cubo; 0.166271; configurazione;201;tempo;0.905752;
proteina-2j47v1;no_rotation;area stimata rispetto al cubo; 0.166271; configurazione;201;tempo;0.945969;
proteina-2j47v2;no_rotation;area stimata rispetto al cubo; 0.166271; configurazione;201;tempo;0.9057;
proteina-2j47v3;no_rotation;area stimata rispetto al cubo; 0.166271; configurazione;201;tempo;0.905675;
proteina-2j47v4;no_rotation;area stimata rispetto al cubo; 0.166271; configurazione;201;tempo;0.94743;
proteina-2j47v5;no_rotation;area stimata rispetto al cubo; 0.166271; configurazione;201;tempo;0.905214;
proteina-2j47v6;no_rotation;area stimata rispetto al cubo; 0.166271; configurazione;201;tempo;0.901692;
proteina-2j47v7;no_rotation;area stimata rispetto al cubo; 0.166271; configurazione;201;tempo;0.92728;
proteina-2j47v8;no_rotation;area stimata rispetto al cubo; 0.166271; configurazione;201;tempo;0.909348;
proteina-2j47v9;no_rotation;area stimata rispetto al cubo; 0.166271; configurazione;201;tempo;0.902841;
